-- MARCAS
INSERT INTO brand (id_brand, brand) VALUES (1, 'Lenovo');
INSERT INTO brand (id_brand, brand) VALUES (2, 'Kyocera');
INSERT INTO brand (id_brand, brand) VALUES (3, 'Lexmark');
INSERT INTO brand (id_brand, brand) VALUES (4, 'Dell');
INSERT INTO brand (id_brand, brand) VALUES (5, 'Hewlett Packard');
INSERT INTO brand (id_brand, brand) VALUES (6, 'Sansei');
INSERT INTO brand (id_brand, brand) VALUES (7, 'Kodak');
INSERT INTO brand (id_brand, brand) VALUES (8, 'Avision');
INSERT INTO brand (id_brand, brand) VALUES (9, 'Samsung');
INSERT INTO brand (id_brand, brand) VALUES (10, 'Banghó');
INSERT INTO brand (id_brand, brand) VALUES (11, 'Oki');
INSERT INTO brand (id_brand, brand) VALUES (12, 'Alcatel');
INSERT INTO brand (id_brand, brand) VALUES (13, 'TP-Link');

-- TIPOS DE DISPOSITIVO
INSERT INTO dev_type (id_dev_type, dev_type) VALUES (1, 'PC');
INSERT INTO dev_type (id_dev_type, dev_type) VALUES (2, 'AIO');
INSERT INTO dev_type (id_dev_type, dev_type) VALUES (3, 'Impresora');
INSERT INTO dev_type (id_dev_type, dev_type) VALUES (4, 'Notebook');
INSERT INTO dev_type (id_dev_type, dev_type) VALUES (5, 'Monitor');
INSERT INTO dev_type (id_dev_type, dev_type) VALUES (6, 'Scanner');
INSERT INTO dev_type (id_dev_type, dev_type) VALUES (7, 'Switch');

-- MODELOS DE DISPOSITIVO
INSERT INTO dev_model (id_dev_model, fbrand, dev_type, dev_model) VALUES (1, 1, 1, 'Lenovo-Model1');
INSERT INTO dev_model (id_dev_model, fbrand, dev_type, dev_model) VALUES (2, 1, 3, 'Lenovo-Model2');
INSERT INTO dev_model (id_dev_model, fbrand, dev_type, dev_model) VALUES (3, 1, 2, 'Lenovo-Model3');
INSERT INTO dev_model (id_dev_model, fbrand, dev_type, dev_model) VALUES (4, 2, 1, 'Kyocera-Model1');
INSERT INTO dev_model (id_dev_model, fbrand, dev_type, dev_model) VALUES (5, 2, 6, 'Kyocera-Model2');
INSERT INTO dev_model (id_dev_model, fbrand, dev_type, dev_model) VALUES (6, 2, 3, 'Kyocera-Model3');
INSERT INTO dev_model (id_dev_model, fbrand, dev_type, dev_model) VALUES (7, 3, 7, 'Lexmark-Model1');
INSERT INTO dev_model (id_dev_model, fbrand, dev_type, dev_model) VALUES (8, 3, 6, 'Lexmark-Model2');
INSERT INTO dev_model (id_dev_model, fbrand, dev_type, dev_model) VALUES (9, 3, 1, 'Lexmark-Model3');
INSERT INTO dev_model (id_dev_model, fbrand, dev_type, dev_model) VALUES (10, 4, 2, 'Dell-Model1');
INSERT INTO dev_model (id_dev_model, fbrand, dev_type, dev_model) VALUES (11, 4, 2, 'Dell-Model2');
INSERT INTO dev_model (id_dev_model, fbrand, dev_type, dev_model) VALUES (12, 4, 3, 'Dell-Model3');
INSERT INTO dev_model (id_dev_model, fbrand, dev_type, dev_model) VALUES (13, 5, 6, 'Hewlett Packard-Model1');
INSERT INTO dev_model (id_dev_model, fbrand, dev_type, dev_model) VALUES (14, 5, 7, 'Hewlett Packard-Model2');
INSERT INTO dev_model (id_dev_model, fbrand, dev_type, dev_model) VALUES (15, 5, 6, 'Hewlett Packard-Model3');
INSERT INTO dev_model (id_dev_model, fbrand, dev_type, dev_model) VALUES (16, 6, 7, 'Sansei-Model1');
INSERT INTO dev_model (id_dev_model, fbrand, dev_type, dev_model) VALUES (17, 6, 2, 'Sansei-Model2');
INSERT INTO dev_model (id_dev_model, fbrand, dev_type, dev_model) VALUES (18, 6, 6, 'Sansei-Model3');
INSERT INTO dev_model (id_dev_model, fbrand, dev_type, dev_model) VALUES (19, 7, 2, 'Kodak-Model1');
INSERT INTO dev_model (id_dev_model, fbrand, dev_type, dev_model) VALUES (20, 7, 5, 'Kodak-Model2');
INSERT INTO dev_model (id_dev_model, fbrand, dev_type, dev_model) VALUES (21, 7, 1, 'Kodak-Model3');
INSERT INTO dev_model (id_dev_model, fbrand, dev_type, dev_model) VALUES (22, 8, 3, 'Avision-Model1');
INSERT INTO dev_model (id_dev_model, fbrand, dev_type, dev_model) VALUES (23, 8, 5, 'Avision-Model2');
INSERT INTO dev_model (id_dev_model, fbrand, dev_type, dev_model) VALUES (24, 8, 5, 'Avision-Model3');
INSERT INTO dev_model (id_dev_model, fbrand, dev_type, dev_model) VALUES (25, 9, 1, 'Samsung-Model1');
INSERT INTO dev_model (id_dev_model, fbrand, dev_type, dev_model) VALUES (26, 9, 6, 'Samsung-Model2');
INSERT INTO dev_model (id_dev_model, fbrand, dev_type, dev_model) VALUES (27, 9, 1, 'Samsung-Model3');
INSERT INTO dev_model (id_dev_model, fbrand, dev_type, dev_model) VALUES (28, 10, 3, 'Banghó-Model1');
INSERT INTO dev_model (id_dev_model, fbrand, dev_type, dev_model) VALUES (29, 10, 6, 'Banghó-Model2');
INSERT INTO dev_model (id_dev_model, fbrand, dev_type, dev_model) VALUES (30, 10, 6, 'Banghó-Model3');
INSERT INTO dev_model (id_dev_model, fbrand, dev_type, dev_model) VALUES (31, 11, 4, 'Oki-Model1');
INSERT INTO dev_model (id_dev_model, fbrand, dev_type, dev_model) VALUES (32, 11, 6, 'Oki-Model2');
INSERT INTO dev_model (id_dev_model, fbrand, dev_type, dev_model) VALUES (33, 11, 6, 'Oki-Model3');
INSERT INTO dev_model (id_dev_model, fbrand, dev_type, dev_model) VALUES (34, 12, 4, 'Alcatel-Model1');
INSERT INTO dev_model (id_dev_model, fbrand, dev_type, dev_model) VALUES (35, 12, 2, 'Alcatel-Model2');
INSERT INTO dev_model (id_dev_model, fbrand, dev_type, dev_model) VALUES (36, 12, 4, 'Alcatel-Model3');
INSERT INTO dev_model (id_dev_model, fbrand, dev_type, dev_model) VALUES (37, 13, 5, 'TP-Link-Model1');
INSERT INTO dev_model (id_dev_model, fbrand, dev_type, dev_model) VALUES (38, 13, 7, 'TP-Link-Model2');
INSERT INTO dev_model (id_dev_model, fbrand, dev_type, dev_model) VALUES (39, 13, 3, 'TP-Link-Model3');

-- EDIFICIO
INSERT INTO edifice (id_edifice, address, location, province) VALUES (1, 'Av. Principal 123', 'Cafayate', 'Salta');

-- OFFICE_LOC
INSERT INTO office_loc (id_office_loc, edifice, wing, floor) VALUES (1, 1, 'Ala A', 'Piso 1');
INSERT INTO office_loc (id_office_loc, edifice, wing, floor) VALUES (2, 1, 'Ala B', 'Piso 2');
INSERT INTO office_loc (id_office_loc, edifice, wing, floor) VALUES (3, 1, 'Ala C', 'Piso 3');

-- OFFICES
INSERT INTO office (id_office, office, office_edfice_location) VALUES (1, 'Oficina 1', 1);
INSERT INTO office (id_office, office, office_edfice_location) VALUES (2, 'Oficina 2', 1);
INSERT INTO office (id_office, office, office_edfice_location) VALUES (3, 'Oficina 3', 1);
INSERT INTO office (id_office, office, office_edfice_location) VALUES (4, 'Oficina 4', 1);
INSERT INTO office (id_office, office, office_edfice_location) VALUES (5, 'Oficina 5', 2);
INSERT INTO office (id_office, office, office_edfice_location) VALUES (6, 'Oficina 6', 2);
INSERT INTO office (id_office, office, office_edfice_location) VALUES (7, 'Oficina 7', 2);
INSERT INTO office (id_office, office, office_edfice_location) VALUES (8, 'Oficina 8', 2);
INSERT INTO office (id_office, office, office_edfice_location) VALUES (9, 'Oficina 9', 3);
INSERT INTO office (id_office, office, office_edfice_location) VALUES (10, 'Oficina 10', 3);
INSERT INTO office (id_office, office, office_edfice_location) VALUES (11, 'Oficina 11', 3);
INSERT INTO office (id_office, office, office_edfice_location) VALUES (12, 'Oficina 12', 3);

-- RACKS
INSERT INTO rack (id_rack, office, rack_name) VALUES (1, 1, 'Rack 1');
INSERT INTO rack (id_rack, office, rack_name) VALUES (2, 2, 'Rack 2');
INSERT INTO rack (id_rack, office, rack_name) VALUES (3, 3, 'Rack 3');
INSERT INTO rack (id_rack, office, rack_name) VALUES (4, 4, 'Rack 4');
INSERT INTO rack (id_rack, office, rack_name) VALUES (5, 5, 'Rack 5');
INSERT INTO rack (id_rack, office, rack_name) VALUES (6, 6, 'Rack 6');
INSERT INTO rack (id_rack, office, rack_name) VALUES (7, 7, 'Rack 7');
INSERT INTO rack (id_rack, office, rack_name) VALUES (8, 8, 'Rack 8');
INSERT INTO rack (id_rack, office, rack_name) VALUES (9, 9, 'Rack 9');
INSERT INTO rack (id_rack, office, rack_name) VALUES (10, 10, 'Rack 10');
INSERT INTO rack (id_rack, office, rack_name) VALUES (11, 11, 'Rack 11');
INSERT INTO rack (id_rack, office, rack_name) VALUES (12, 12, 'Rack 12');

-- PATCHERAS
INSERT INTO patchera (id_patchera, patchera, rack) VALUES (1, 'Patchera 1', 1);
INSERT INTO patchera (id_patchera, patchera, rack) VALUES (2, 'Patchera 2', 2);
INSERT INTO patchera (id_patchera, patchera, rack) VALUES (3, 'Patchera 3', 3);
INSERT INTO patchera (id_patchera, patchera, rack) VALUES (4, 'Patchera 4', 4);
INSERT INTO patchera (id_patchera, patchera, rack) VALUES (5, 'Patchera 5', 5);
INSERT INTO patchera (id_patchera, patchera, rack) VALUES (6, 'Patchera 6', 6);
INSERT INTO patchera (id_patchera, patchera, rack) VALUES (7, 'Patchera 7', 7);
INSERT INTO patchera (id_patchera, patchera, rack) VALUES (8, 'Patchera 8', 8);
INSERT INTO patchera (id_patchera, patchera, rack) VALUES (9, 'Patchera 9', 9);
INSERT INTO patchera (id_patchera, patchera, rack) VALUES (10, 'Patchera 10', 10);
INSERT INTO patchera (id_patchera, patchera, rack) VALUES (11, 'Patchera 11', 11);
INSERT INTO patchera (id_patchera, patchera, rack) VALUES (12, 'Patchera 12', 12);

-- EMPLEADOS
INSERT INTO employee (id_employee, nombre, apellido) VALUES (1, 'Anna', 'Fiol');
INSERT INTO employee (id_employee, nombre, apellido) VALUES (2, 'Marisa', 'Matas');
INSERT INTO employee (id_employee, nombre, apellido) VALUES (3, 'Iker', 'Escamilla');
INSERT INTO employee (id_employee, nombre, apellido) VALUES (4, 'Blanca', 'Cañizares');
INSERT INTO employee (id_employee, nombre, apellido) VALUES (5, 'Rocío', 'Borrell');
INSERT INTO employee (id_employee, nombre, apellido) VALUES (6, 'Camilo', 'Cerro');
INSERT INTO employee (id_employee, nombre, apellido) VALUES (7, 'Itziar', 'Bas');
INSERT INTO employee (id_employee, nombre, apellido) VALUES (8, 'Rico', 'Jara');
INSERT INTO employee (id_employee, nombre, apellido) VALUES (9, 'Loreto', 'Benitez');
INSERT INTO employee (id_employee, nombre, apellido) VALUES (10, 'Cipriano', 'Aguilera');
INSERT INTO employee (id_employee, nombre, apellido) VALUES (11, 'Lourdes', 'Almagro');
INSERT INTO employee (id_employee, nombre, apellido) VALUES (12, 'Duilio', 'Farré');
INSERT INTO employee (id_employee, nombre, apellido) VALUES (13, 'Victor', 'Almazán');
INSERT INTO employee (id_employee, nombre, apellido) VALUES (14, 'Consuelo', 'Melero');
INSERT INTO employee (id_employee, nombre, apellido) VALUES (15, 'Pía', 'Ropero');
INSERT INTO employee (id_employee, nombre, apellido) VALUES (16, 'José Luis', 'Alvarez');
INSERT INTO employee (id_employee, nombre, apellido) VALUES (17, 'Andrea', 'Bejarano');
INSERT INTO employee (id_employee, nombre, apellido) VALUES (18, 'Jacinta', 'Jiménez');
INSERT INTO employee (id_employee, nombre, apellido) VALUES (19, 'Hermenegildo', 'Alsina');
INSERT INTO employee (id_employee, nombre, apellido) VALUES (20, 'Ofelia', 'Redondo');
INSERT INTO employee (id_employee, nombre, apellido) VALUES (21, 'Teodosio', 'Pedrero');
INSERT INTO employee (id_employee, nombre, apellido) VALUES (22, 'Emperatriz', 'Carrera');
INSERT INTO employee (id_employee, nombre, apellido) VALUES (23, 'Almudena', 'Martin');
INSERT INTO employee (id_employee, nombre, apellido) VALUES (24, 'Pablo', 'Aznar');
INSERT INTO employee (id_employee, nombre, apellido) VALUES (25, 'Gerardo', 'Reyes');
INSERT INTO employee (id_employee, nombre, apellido) VALUES (26, 'Evaristo', 'Robles');
INSERT INTO employee (id_employee, nombre, apellido) VALUES (27, 'Javier', 'Seguí');
INSERT INTO employee (id_employee, nombre, apellido) VALUES (28, 'Teófilo', 'Rios');
INSERT INTO employee (id_employee, nombre, apellido) VALUES (29, 'Eusebia', 'Salinas');
INSERT INTO employee (id_employee, nombre, apellido) VALUES (30, 'Octavia', 'Vidal');
INSERT INTO employee (id_employee, nombre, apellido) VALUES (31, 'Domitila', 'Cerro');
INSERT INTO employee (id_employee, nombre, apellido) VALUES (32, 'Virginia', 'Riba');
INSERT INTO employee (id_employee, nombre, apellido) VALUES (33, 'Fidela', 'Rueda');
INSERT INTO employee (id_employee, nombre, apellido) VALUES (34, 'Humberto', 'Rozas');
INSERT INTO employee (id_employee, nombre, apellido) VALUES (35, 'Ismael', 'Ripoll');
INSERT INTO employee (id_employee, nombre, apellido) VALUES (36, 'Natalia', 'Lerma');
INSERT INTO employee (id_employee, nombre, apellido) VALUES (37, 'Edmundo', 'Bilbao');
INSERT INTO employee (id_employee, nombre, apellido) VALUES (38, 'Evangelina', 'Conesa');
INSERT INTO employee (id_employee, nombre, apellido) VALUES (39, 'Yéssica', 'Novoa');
INSERT INTO employee (id_employee, nombre, apellido) VALUES (40, 'José Antonio', 'Alcántara');
INSERT INTO employee (id_employee, nombre, apellido) VALUES (41, 'Abril', 'Salas');
INSERT INTO employee (id_employee, nombre, apellido) VALUES (42, 'Violeta', 'Arjona');
INSERT INTO employee (id_employee, nombre, apellido) VALUES (43, 'Jose', 'Herranz');
INSERT INTO employee (id_employee, nombre, apellido) VALUES (44, 'Federico', 'Arco');
INSERT INTO employee (id_employee, nombre, apellido) VALUES (45, 'Rico', 'Noguera');
INSERT INTO employee (id_employee, nombre, apellido) VALUES (46, 'Manolo', 'Jaume');
INSERT INTO employee (id_employee, nombre, apellido) VALUES (47, 'Maxi', 'Sanchez');
INSERT INTO employee (id_employee, nombre, apellido) VALUES (48, 'Fortunata', 'Ribera');
INSERT INTO employee (id_employee, nombre, apellido) VALUES (49, 'Lupita', 'Godoy');
INSERT INTO employee (id_employee, nombre, apellido) VALUES (50, 'Sol', 'Heras');

-- WALL PORTS
INSERT INTO wall_port (id_wall_port, wall_port_name, office) VALUES (1, 'WP_1_1', 1);
INSERT INTO wall_port (id_wall_port, wall_port_name, office) VALUES (2, 'WP_1_2', 1);
INSERT INTO wall_port (id_wall_port, wall_port_name, office) VALUES (3, 'WP_1_3', 1);
INSERT INTO wall_port (id_wall_port, wall_port_name, office) VALUES (4, 'WP_2_1', 2);
INSERT INTO wall_port (id_wall_port, wall_port_name, office) VALUES (5, 'WP_2_2', 2);
INSERT INTO wall_port (id_wall_port, wall_port_name, office) VALUES (6, 'WP_2_3', 2);
INSERT INTO wall_port (id_wall_port, wall_port_name, office) VALUES (7, 'WP_3_1', 3);
INSERT INTO wall_port (id_wall_port, wall_port_name, office) VALUES (8, 'WP_3_2', 3);
INSERT INTO wall_port (id_wall_port, wall_port_name, office) VALUES (9, 'WP_3_3', 3);
INSERT INTO wall_port (id_wall_port, wall_port_name, office) VALUES (10, 'WP_4_1', 4);
INSERT INTO wall_port (id_wall_port, wall_port_name, office) VALUES (11, 'WP_4_2', 4);
INSERT INTO wall_port (id_wall_port, wall_port_name, office) VALUES (12, 'WP_4_3', 4);
INSERT INTO wall_port (id_wall_port, wall_port_name, office) VALUES (13, 'WP_5_1', 5);
INSERT INTO wall_port (id_wall_port, wall_port_name, office) VALUES (14, 'WP_5_2', 5);
INSERT INTO wall_port (id_wall_port, wall_port_name, office) VALUES (15, 'WP_5_3', 5);
INSERT INTO wall_port (id_wall_port, wall_port_name, office) VALUES (16, 'WP_6_1', 6);
INSERT INTO wall_port (id_wall_port, wall_port_name, office) VALUES (17, 'WP_6_2', 6);
INSERT INTO wall_port (id_wall_port, wall_port_name, office) VALUES (18, 'WP_6_3', 6);
INSERT INTO wall_port (id_wall_port, wall_port_name, office) VALUES (19, 'WP_7_1', 7);
INSERT INTO wall_port (id_wall_port, wall_port_name, office) VALUES (20, 'WP_7_2', 7);
INSERT INTO wall_port (id_wall_port, wall_port_name, office) VALUES (21, 'WP_7_3', 7);
INSERT INTO wall_port (id_wall_port, wall_port_name, office) VALUES (22, 'WP_8_1', 8);
INSERT INTO wall_port (id_wall_port, wall_port_name, office) VALUES (23, 'WP_8_2', 8);
INSERT INTO wall_port (id_wall_port, wall_port_name, office) VALUES (24, 'WP_8_3', 8);
INSERT INTO wall_port (id_wall_port, wall_port_name, office) VALUES (25, 'WP_9_1', 9);
INSERT INTO wall_port (id_wall_port, wall_port_name, office) VALUES (26, 'WP_9_2', 9);
INSERT INTO wall_port (id_wall_port, wall_port_name, office) VALUES (27, 'WP_9_3', 9);
INSERT INTO wall_port (id_wall_port, wall_port_name, office) VALUES (28, 'WP_10_1', 10);
INSERT INTO wall_port (id_wall_port, wall_port_name, office) VALUES (29, 'WP_10_2', 10);
INSERT INTO wall_port (id_wall_port, wall_port_name, office) VALUES (30, 'WP_10_3', 10);
INSERT INTO wall_port (id_wall_port, wall_port_name, office) VALUES (31, 'WP_11_1', 11);
INSERT INTO wall_port (id_wall_port, wall_port_name, office) VALUES (32, 'WP_11_2', 11);
INSERT INTO wall_port (id_wall_port, wall_port_name, office) VALUES (33, 'WP_11_3', 11);
INSERT INTO wall_port (id_wall_port, wall_port_name, office) VALUES (34, 'WP_12_1', 12);
INSERT INTO wall_port (id_wall_port, wall_port_name, office) VALUES (35, 'WP_12_2', 12);
INSERT INTO wall_port (id_wall_port, wall_port_name, office) VALUES (36, 'WP_12_3', 12);

-- SWITCH MODELS
INSERT INTO switch_model (id_switch_model, switch_brand, switch_model) VALUES (1, 12, 'Alcatel-Core48');
INSERT INTO switch_model (id_switch_model, switch_brand, switch_model) VALUES (2, 12, 'Alcatel-Access24');
INSERT INTO switch_model (id_switch_model, switch_brand, switch_model) VALUES (3, 13, 'TP-Link-5P');
INSERT INTO switch_model (id_switch_model, switch_brand, switch_model) VALUES (4, 13, 'TP-Link-8P');

-- SWITCHES 
INSERT INTO switch (id_switch, switch_model, serial_number, ports_q, rack, office) VALUES (1, 1, 'SN1001', '48', 1, 1);
INSERT INTO switch (id_switch, switch_model, serial_number, ports_q, rack, office) VALUES (2, 2, 'SN1002', '48', 2, 2);
INSERT INTO switch (id_switch, switch_model, serial_number, ports_q, rack, office) VALUES (3, 4, 'SN1003', '48', 3, 3);
INSERT INTO switch (id_switch, switch_model, serial_number, ports_q, rack, office) VALUES (4, 3, 'SN1004', '48', 4, 4);
INSERT INTO switch (id_switch, switch_model, serial_number, ports_q, rack, office) VALUES (5, 3, 'SN1005', '48', 5, 5);
INSERT INTO switch (id_switch, switch_model, serial_number, ports_q, rack, office) VALUES (6, 4, 'SN1006', '48', 1, 1);
INSERT INTO switch (id_switch, switch_model, serial_number, ports_q, rack, office) VALUES (7, 1, 'SN1007', '48', 2, 2);
INSERT INTO switch (id_switch, switch_model, serial_number, ports_q, rack, office) VALUES (8, 1, 'SN1008', '48', 3, 3);
INSERT INTO switch (id_switch, switch_model, serial_number, ports_q, rack, office) VALUES (9, 4, 'SN1009', '48', 4, 4);
INSERT INTO switch (id_switch, switch_model, serial_number, ports_q, rack, office) VALUES (10, 2, 'SN1010', '48', 5, 5);

-- SWITCH PORTS
INSERT INTO switch_port (id_switch_port, switch, port_id) VALUES (1, 1, 'SW1-P1');
INSERT INTO switch_port (id_switch_port, switch, port_id) VALUES (2, 1, 'SW1-P2');
INSERT INTO switch_port (id_switch_port, switch, port_id) VALUES (3, 1, 'SW1-P3');
INSERT INTO switch_port (id_switch_port, switch, port_id) VALUES (4, 1, 'SW1-P4');
INSERT INTO switch_port (id_switch_port, switch, port_id) VALUES (5, 1, 'SW1-P5');
INSERT INTO switch_port (id_switch_port, switch, port_id) VALUES (6, 1, 'SW1-P6');
INSERT INTO switch_port (id_switch_port, switch, port_id) VALUES (7, 1, 'SW1-P7');
INSERT INTO switch_port (id_switch_port, switch, port_id) VALUES (8, 1, 'SW1-P8');
INSERT INTO switch_port (id_switch_port, switch, port_id) VALUES (9, 2, 'SW2-P1');
INSERT INTO switch_port (id_switch_port, switch, port_id) VALUES (10, 2, 'SW2-P2');
INSERT INTO switch_port (id_switch_port, switch, port_id) VALUES (11, 2, 'SW2-P3');
INSERT INTO switch_port (id_switch_port, switch, port_id) VALUES (12, 2, 'SW2-P4');
INSERT INTO switch_port (id_switch_port, switch, port_id) VALUES (13, 2, 'SW2-P5');
INSERT INTO switch_port (id_switch_port, switch, port_id) VALUES (14, 2, 'SW2-P6');
INSERT INTO switch_port (id_switch_port, switch, port_id) VALUES (15, 2, 'SW2-P7');
INSERT INTO switch_port (id_switch_port, switch, port_id) VALUES (16, 2, 'SW2-P8');
INSERT INTO switch_port (id_switch_port, switch, port_id) VALUES (17, 3, 'SW3-P1');
INSERT INTO switch_port (id_switch_port, switch, port_id) VALUES (18, 3, 'SW3-P2');
INSERT INTO switch_port (id_switch_port, switch, port_id) VALUES (19, 3, 'SW3-P3');
INSERT INTO switch_port (id_switch_port, switch, port_id) VALUES (20, 3, 'SW3-P4');
INSERT INTO switch_port (id_switch_port, switch, port_id) VALUES (21, 3, 'SW3-P5');
INSERT INTO switch_port (id_switch_port, switch, port_id) VALUES (22, 3, 'SW3-P6');
INSERT INTO switch_port (id_switch_port, switch, port_id) VALUES (23, 3, 'SW3-P7');
INSERT INTO switch_port (id_switch_port, switch, port_id) VALUES (24, 3, 'SW3-P8');
INSERT INTO switch_port (id_switch_port, switch, port_id) VALUES (25, 4, 'SW4-P1');
INSERT INTO switch_port (id_switch_port, switch, port_id) VALUES (26, 4, 'SW4-P2');
INSERT INTO switch_port (id_switch_port, switch, port_id) VALUES (27, 4, 'SW4-P3');
INSERT INTO switch_port (id_switch_port, switch, port_id) VALUES (28, 4, 'SW4-P4');
INSERT INTO switch_port (id_switch_port, switch, port_id) VALUES (29, 4, 'SW4-P5');
INSERT INTO switch_port (id_switch_port, switch, port_id) VALUES (30, 4, 'SW4-P6');
INSERT INTO switch_port (id_switch_port, switch, port_id) VALUES (31, 4, 'SW4-P7');
INSERT INTO switch_port (id_switch_port, switch, port_id) VALUES (32, 4, 'SW4-P8');
INSERT INTO switch_port (id_switch_port, switch, port_id) VALUES (33, 5, 'SW5-P1');
INSERT INTO switch_port (id_switch_port, switch, port_id) VALUES (34, 5, 'SW5-P2');
INSERT INTO switch_port (id_switch_port, switch, port_id) VALUES (35, 5, 'SW5-P3');
INSERT INTO switch_port (id_switch_port, switch, port_id) VALUES (36, 5, 'SW5-P4');
INSERT INTO switch_port (id_switch_port, switch, port_id) VALUES (37, 5, 'SW5-P5');
INSERT INTO switch_port (id_switch_port, switch, port_id) VALUES (38, 5, 'SW5-P6');
INSERT INTO switch_port (id_switch_port, switch, port_id) VALUES (39, 5, 'SW5-P7');
INSERT INTO switch_port (id_switch_port, switch, port_id) VALUES (40, 5, 'SW5-P8');

-- PATCH PORTS
INSERT INTO patch_port (id_patch_port, patchera, patch_port, switch_port_in) VALUES (1, 1, 'PT1-1', 37);
INSERT INTO patch_port (id_patch_port, patchera, patch_port, switch_port_in) VALUES (2, 1, 'PT1-2', 25);
INSERT INTO patch_port (id_patch_port, patchera, patch_port, switch_port_in) VALUES (3, 2, 'PT2-1', 17);
INSERT INTO patch_port (id_patch_port, patchera, patch_port, switch_port_in) VALUES (4, 2, 'PT2-2', 26);
INSERT INTO patch_port (id_patch_port, patchera, patch_port, switch_port_in) VALUES (5, 3, 'PT3-1', 4);
INSERT INTO patch_port (id_patch_port, patchera, patch_port, switch_port_in) VALUES (6, 3, 'PT3-2', 23);
INSERT INTO patch_port (id_patch_port, patchera, patch_port, switch_port_in) VALUES (7, 4, 'PT4-1', 26);
INSERT INTO patch_port (id_patch_port, patchera, patch_port, switch_port_in) VALUES (8, 4, 'PT4-2', 31);
INSERT INTO patch_port (id_patch_port, patchera, patch_port, switch_port_in) VALUES (9, 5, 'PT5-1', 26);
INSERT INTO patch_port (id_patch_port, patchera, patch_port, switch_port_in) VALUES (10, 5, 'PT5-2', 27);
INSERT INTO patch_port (id_patch_port, patchera, patch_port, switch_port_in) VALUES (11, 6, 'PT6-1', 15);
INSERT INTO patch_port (id_patch_port, patchera, patch_port, switch_port_in) VALUES (12, 6, 'PT6-2', 21);
INSERT INTO patch_port (id_patch_port, patchera, patch_port, switch_port_in) VALUES (13, 7, 'PT7-1', 16);
INSERT INTO patch_port (id_patch_port, patchera, patch_port, switch_port_in) VALUES (14, 7, 'PT7-2', 22);
INSERT INTO patch_port (id_patch_port, patchera, patch_port, switch_port_in) VALUES (15, 8, 'PT8-1', 4);
INSERT INTO patch_port (id_patch_port, patchera, patch_port, switch_port_in) VALUES (16, 8, 'PT8-2', 14);
INSERT INTO patch_port (id_patch_port, patchera, patch_port, switch_port_in) VALUES (17, 9, 'PT9-1', 35);
INSERT INTO patch_port (id_patch_port, patchera, patch_port, switch_port_in) VALUES (18, 9, 'PT9-2', 22);
INSERT INTO patch_port (id_patch_port, patchera, patch_port, switch_port_in) VALUES (19, 10, 'PT10-1', 22);
INSERT INTO patch_port (id_patch_port, patchera, patch_port, switch_port_in) VALUES (20, 10, 'PT10-2', 40);
INSERT INTO patch_port (id_patch_port, patchera, patch_port, switch_port_in) VALUES (21, 11, 'PT11-1', 29);
INSERT INTO patch_port (id_patch_port, patchera, patch_port, switch_port_in) VALUES (22, 11, 'PT11-2', 4);
INSERT INTO patch_port (id_patch_port, patchera, patch_port, switch_port_in) VALUES (23, 12, 'PT12-1', 38);
INSERT INTO patch_port (id_patch_port, patchera, patch_port, switch_port_in) VALUES (24, 12, 'PT12-2', 18);

-- DEVICES
INSERT INTO device (id_device, dev_model, device, wall_port_in, switch_port_in, patch_port_in, serial_number, ip, office) VALUES (1, 4, 'Dispositivo_1', 27, 35, 6, 'SNDEV1', '192.168.0.1', 11);
INSERT INTO device (id_device, dev_model, device, wall_port_in, switch_port_in, patch_port_in, serial_number, ip, office) VALUES (2, 33, 'Dispositivo_2', 32, 12, 1, 'SNDEV2', '192.168.0.2', 4);
INSERT INTO device (id_device, dev_model, device, wall_port_in, switch_port_in, patch_port_in, serial_number, ip, office) VALUES (3, 1, 'Dispositivo_3', 30, 31, 23, 'SNDEV3', '192.168.0.3', 4);
INSERT INTO device (id_device, dev_model, device, wall_port_in, switch_port_in, patch_port_in, serial_number, ip, office) VALUES (4, 34, 'Dispositivo_4', 13, 29, 3, 'SNDEV4', '192.168.0.4', 8);
INSERT INTO device (id_device, dev_model, device, wall_port_in, switch_port_in, patch_port_in, serial_number, ip, office) VALUES (5, 29, 'Dispositivo_5', 9, 2, 5, 'SNDEV5', '192.168.0.5', 6);
INSERT INTO device (id_device, dev_model, device, wall_port_in, switch_port_in, patch_port_in, serial_number, ip, office) VALUES (6, 31, 'Dispositivo_6', 4, 25, 2, 'SNDEV6', '192.168.0.6', 10);
INSERT INTO device (id_device, dev_model, device, wall_port_in, switch_port_in, patch_port_in, serial_number, ip, office) VALUES (7, 15, 'Dispositivo_7', 19, 21, 14, 'SNDEV7', '192.168.0.7', 3);
INSERT INTO device (id_device, dev_model, device, wall_port_in, switch_port_in, patch_port_in, serial_number, ip, office) VALUES (8, 28, 'Dispositivo_8', 24, 3, 23, 'SNDEV8', '192.168.0.8', 10);
INSERT INTO device (id_device, dev_model, device, wall_port_in, switch_port_in, patch_port_in, serial_number, ip, office) VALUES (9, 27, 'Dispositivo_9', 21, 22, 24, 'SNDEV9', '192.168.0.9', 10);
INSERT INTO device (id_device, dev_model, device, wall_port_in, switch_port_in, patch_port_in, serial_number, ip, office) VALUES (10, 6, 'Dispositivo_10', 34, 8, 24, 'SNDEV10', '192.168.0.10', 4);
INSERT INTO device (id_device, dev_model, device, wall_port_in, switch_port_in, patch_port_in, serial_number, ip, office) VALUES (11, 1, 'Dispositivo_11', 11, 9, 11, 'SNDEV11', '192.168.0.11', 1);
INSERT INTO device (id_device, dev_model, device, wall_port_in, switch_port_in, patch_port_in, serial_number, ip, office) VALUES (12, 34, 'Dispositivo_12', 10, 31, 20, 'SNDEV12', '192.168.0.12', 10);
INSERT INTO device (id_device, dev_model, device, wall_port_in, switch_port_in, patch_port_in, serial_number, ip, office) VALUES (13, 10, 'Dispositivo_13', 16, 33, 22, 'SNDEV13', '192.168.0.13', 1);
INSERT INTO device (id_device, dev_model, device, wall_port_in, switch_port_in, patch_port_in, serial_number, ip, office) VALUES (14, 35, 'Dispositivo_14', 6, 7, 9, 'SNDEV14', '192.168.0.14', 8);
INSERT INTO device (id_device, dev_model, device, wall_port_in, switch_port_in, patch_port_in, serial_number, ip, office) VALUES (15, 1, 'Dispositivo_15', 18, 21, 3, 'SNDEV15', '192.168.0.15', 9);
INSERT INTO device (id_device, dev_model, device, wall_port_in, switch_port_in, patch_port_in, serial_number, ip, office) VALUES (16, 37, 'Dispositivo_16', 25, 9, 15, 'SNDEV16', '192.168.0.16', 12);
INSERT INTO device (id_device, dev_model, device, wall_port_in, switch_port_in, patch_port_in, serial_number, ip, office) VALUES (17, 22, 'Dispositivo_17', 2, 26, 5, 'SNDEV17', '192.168.0.17', 2);
INSERT INTO device (id_device, dev_model, device, wall_port_in, switch_port_in, patch_port_in, serial_number, ip, office) VALUES (18, 28, 'Dispositivo_18', 8, 24, 21, 'SNDEV18', '192.168.0.18', 4);
INSERT INTO device (id_device, dev_model, device, wall_port_in, switch_port_in, patch_port_in, serial_number, ip, office) VALUES (19, 13, 'Dispositivo_19', 3, 28, 18, 'SNDEV19', '192.168.0.19', 1);
INSERT INTO device (id_device, dev_model, device, wall_port_in, switch_port_in, patch_port_in, serial_number, ip, office) VALUES (20, 32, 'Dispositivo_20', 13, 24, 5, 'SNDEV20', '192.168.0.20', 1);
INSERT INTO device (id_device, dev_model, device, wall_port_in, switch_port_in, patch_port_in, serial_number, ip, office) VALUES (21, 3, 'Dispositivo_21', 34, 8, 5, 'SNDEV21', '192.168.0.21', 12);
INSERT INTO device (id_device, dev_model, device, wall_port_in, switch_port_in, patch_port_in, serial_number, ip, office) VALUES (22, 19, 'Dispositivo_22', 1, 9, 24, 'SNDEV22', '192.168.0.22', 9);
INSERT INTO device (id_device, dev_model, device, wall_port_in, switch_port_in, patch_port_in, serial_number, ip, office) VALUES (23, 4, 'Dispositivo_23', 28, 1, 12, 'SNDEV23', '192.168.0.23', 3);
INSERT INTO device (id_device, dev_model, device, wall_port_in, switch_port_in, patch_port_in, serial_number, ip, office) VALUES (24, 25, 'Dispositivo_24', 15, 6, 18, 'SNDEV24', '192.168.0.24', 5);
INSERT INTO device (id_device, dev_model, device, wall_port_in, switch_port_in, patch_port_in, serial_number, ip, office) VALUES (25, 38, 'Dispositivo_25', 27, 22, 21, 'SNDEV25', '192.168.0.25', 12);
INSERT INTO device (id_device, dev_model, device, wall_port_in, switch_port_in, patch_port_in, serial_number, ip, office) VALUES (26, 8, 'Dispositivo_26', 11, 6, 18, 'SNDEV26', '192.168.0.26', 12);
INSERT INTO device (id_device, dev_model, device, wall_port_in, switch_port_in, patch_port_in, serial_number, ip, office) VALUES (27, 37, 'Dispositivo_27', 23, 34, 17, 'SNDEV27', '192.168.0.27', 3);
INSERT INTO device (id_device, dev_model, device, wall_port_in, switch_port_in, patch_port_in, serial_number, ip, office) VALUES (28, 8, 'Dispositivo_28', 29, 18, 18, 'SNDEV28', '192.168.0.28', 4);
INSERT INTO device (id_device, dev_model, device, wall_port_in, switch_port_in, patch_port_in, serial_number, ip, office) VALUES (29, 31, 'Dispositivo_29', 32, 26, 1, 'SNDEV29', '192.168.0.29', 2);
INSERT INTO device (id_device, dev_model, device, wall_port_in, switch_port_in, patch_port_in, serial_number, ip, office) VALUES (30, 29, 'Dispositivo_30', 10, 35, 18, 'SNDEV30', '192.168.0.30', 11);
INSERT INTO device (id_device, dev_model, device, wall_port_in, switch_port_in, patch_port_in, serial_number, ip, office) VALUES (31, 27, 'Dispositivo_31', 14, 27, 7, 'SNDEV31', '192.168.0.31', 12);
INSERT INTO device (id_device, dev_model, device, wall_port_in, switch_port_in, patch_port_in, serial_number, ip, office) VALUES (32, 29, 'Dispositivo_32', 24, 28, 12, 'SNDEV32', '192.168.0.32', 8);
INSERT INTO device (id_device, dev_model, device, wall_port_in, switch_port_in, patch_port_in, serial_number, ip, office) VALUES (33, 33, 'Dispositivo_33', 22, 15, 12, 'SNDEV33', '192.168.0.33', 12);
INSERT INTO device (id_device, dev_model, device, wall_port_in, switch_port_in, patch_port_in, serial_number, ip, office) VALUES (34, 9, 'Dispositivo_34', 1, 9, 20, 'SNDEV34', '192.168.0.34', 6);
INSERT INTO device (id_device, dev_model, device, wall_port_in, switch_port_in, patch_port_in, serial_number, ip, office) VALUES (35, 2, 'Dispositivo_35', 17, 2, 2, 'SNDEV35', '192.168.0.35', 11);
INSERT INTO device (id_device, dev_model, device, wall_port_in, switch_port_in, patch_port_in, serial_number, ip, office) VALUES (36, 38, 'Dispositivo_36', 24, 31, 2, 'SNDEV36', '192.168.0.36', 8);
INSERT INTO device (id_device, dev_model, device, wall_port_in, switch_port_in, patch_port_in, serial_number, ip, office) VALUES (37, 10, 'Dispositivo_37', 29, 25, 15, 'SNDEV37', '192.168.0.37', 1);
INSERT INTO device (id_device, dev_model, device, wall_port_in, switch_port_in, patch_port_in, serial_number, ip, office) VALUES (38, 2, 'Dispositivo_38', 23, 26, 8, 'SNDEV38', '192.168.0.38', 10);
INSERT INTO device (id_device, dev_model, device, wall_port_in, switch_port_in, patch_port_in, serial_number, ip, office) VALUES (39, 10, 'Dispositivo_39', 32, 6, 9, 'SNDEV39', '192.168.0.39', 9);
INSERT INTO device (id_device, dev_model, device, wall_port_in, switch_port_in, patch_port_in, serial_number, ip, office) VALUES (40, 20, 'Dispositivo_40', 23, 28, 12, 'SNDEV40', '192.168.0.40', 12);
INSERT INTO device (id_device, dev_model, device, wall_port_in, switch_port_in, patch_port_in, serial_number, ip, office) VALUES (41, 7, 'Dispositivo_41', 20, 6, 22, 'SNDEV41', '192.168.0.41', 9);
INSERT INTO device (id_device, dev_model, device, wall_port_in, switch_port_in, patch_port_in, serial_number, ip, office) VALUES (42, 34, 'Dispositivo_42', 19, 18, 13, 'SNDEV42', '192.168.0.42', 2);
INSERT INTO device (id_device, dev_model, device, wall_port_in, switch_port_in, patch_port_in, serial_number, ip, office) VALUES (43, 31, 'Dispositivo_43', 19, 15, 15, 'SNDEV43', '192.168.0.43', 12);
INSERT INTO device (id_device, dev_model, device, wall_port_in, switch_port_in, patch_port_in, serial_number, ip, office) VALUES (44, 22, 'Dispositivo_44', 33, 26, 5, 'SNDEV44', '192.168.0.44', 6);
INSERT INTO device (id_device, dev_model, device, wall_port_in, switch_port_in, patch_port_in, serial_number, ip, office) VALUES (45, 36, 'Dispositivo_45', 31, 22, 8, 'SNDEV45', '192.168.0.45', 3);
INSERT INTO device (id_device, dev_model, device, wall_port_in, switch_port_in, patch_port_in, serial_number, ip, office) VALUES (46, 39, 'Dispositivo_46', 33, 10, 20, 'SNDEV46', '192.168.0.46', 2);
INSERT INTO device (id_device, dev_model, device, wall_port_in, switch_port_in, patch_port_in, serial_number, ip, office) VALUES (47, 2, 'Dispositivo_47', 3, 10, 1, 'SNDEV47', '192.168.0.47', 6);
INSERT INTO device (id_device, dev_model, device, wall_port_in, switch_port_in, patch_port_in, serial_number, ip, office) VALUES (48, 34, 'Dispositivo_48', 14, 24, 6, 'SNDEV48', '192.168.0.48', 8);
INSERT INTO device (id_device, dev_model, device, wall_port_in, switch_port_in, patch_port_in, serial_number, ip, office) VALUES (49, 22, 'Dispositivo_49', 13, 34, 14, 'SNDEV49', '192.168.0.49', 12);
INSERT INTO device (id_device, dev_model, device, wall_port_in, switch_port_in, patch_port_in, serial_number, ip, office) VALUES (50, 21, 'Dispositivo_50', 36, 26, 5, 'SNDEV50', '192.168.0.50', 4);

-- DEVICE_EMPLOYEE
INSERT INTO device_employee (id_device_employee, device_id, employee_id) VALUES (1, 1, 1);
INSERT INTO device_employee (id_device_employee, device_id, employee_id) VALUES (2, 2, 2);
INSERT INTO device_employee (id_device_employee, device_id, employee_id) VALUES (3, 3, 3);
INSERT INTO device_employee (id_device_employee, device_id, employee_id) VALUES (4, 4, 4);
INSERT INTO device_employee (id_device_employee, device_id, employee_id) VALUES (5, 5, 5);
INSERT INTO device_employee (id_device_employee, device_id, employee_id) VALUES (6, 6, 6);
INSERT INTO device_employee (id_device_employee, device_id, employee_id) VALUES (7, 7, 7);
INSERT INTO device_employee (id_device_employee, device_id, employee_id) VALUES (8, 8, 8);
INSERT INTO device_employee (id_device_employee, device_id, employee_id) VALUES (9, 9, 9);
INSERT INTO device_employee (id_device_employee, device_id, employee_id) VALUES (10, 10, 10);
INSERT INTO device_employee (id_device_employee, device_id, employee_id) VALUES (11, 11, 11);
INSERT INTO device_employee (id_device_employee, device_id, employee_id) VALUES (12, 12, 12);
INSERT INTO device_employee (id_device_employee, device_id, employee_id) VALUES (13, 13, 13);
INSERT INTO device_employee (id_device_employee, device_id, employee_id) VALUES (14, 14, 14);
INSERT INTO device_employee (id_device_employee, device_id, employee_id) VALUES (15, 15, 15);
INSERT INTO device_employee (id_device_employee, device_id, employee_id) VALUES (16, 16, 16);
INSERT INTO device_employee (id_device_employee, device_id, employee_id) VALUES (17, 17, 17);
INSERT INTO device_employee (id_device_employee, device_id, employee_id) VALUES (18, 18, 18);
INSERT INTO device_employee (id_device_employee, device_id, employee_id) VALUES (19, 19, 19);
INSERT INTO device_employee (id_device_employee, device_id, employee_id) VALUES (20, 20, 20);
INSERT INTO device_employee (id_device_employee, device_id, employee_id) VALUES (21, 21, 21);
INSERT INTO device_employee (id_device_employee, device_id, employee_id) VALUES (22, 22, 22);
INSERT INTO device_employee (id_device_employee, device_id, employee_id) VALUES (23, 23, 23);
INSERT INTO device_employee (id_device_employee, device_id, employee_id) VALUES (24, 24, 24);
INSERT INTO device_employee (id_device_employee, device_id, employee_id) VALUES (25, 25, 25);
INSERT INTO device_employee (id_device_employee, device_id, employee_id) VALUES (26, 26, 26);
INSERT INTO device_employee (id_device_employee, device_id, employee_id) VALUES (27, 27, 27);
INSERT INTO device_employee (id_device_employee, device_id, employee_id) VALUES (28, 28, 28);
INSERT INTO device_employee (id_device_employee, device_id, employee_id) VALUES (29, 29, 29);
INSERT INTO device_employee (id_device_employee, device_id, employee_id) VALUES (30, 30, 30);
INSERT INTO device_employee (id_device_employee, device_id, employee_id) VALUES (31, 31, 31);
INSERT INTO device_employee (id_device_employee, device_id, employee_id) VALUES (32, 32, 32);
INSERT INTO device_employee (id_device_employee, device_id, employee_id) VALUES (33, 33, 33);
INSERT INTO device_employee (id_device_employee, device_id, employee_id) VALUES (34, 34, 34);
INSERT INTO device_employee (id_device_employee, device_id, employee_id) VALUES (35, 35, 35);
INSERT INTO device_employee (id_device_employee, device_id, employee_id) VALUES (36, 36, 36);
INSERT INTO device_employee (id_device_employee, device_id, employee_id) VALUES (37, 37, 37);
INSERT INTO device_employee (id_device_employee, device_id, employee_id) VALUES (38, 38, 38);
INSERT INTO device_employee (id_device_employee, device_id, employee_id) VALUES (39, 39, 39);
INSERT INTO device_employee (id_device_employee, device_id, employee_id) VALUES (40, 40, 40);
INSERT INTO device_employee (id_device_employee, device_id, employee_id) VALUES (41, 41, 41);
INSERT INTO device_employee (id_device_employee, device_id, employee_id) VALUES (42, 42, 42);
INSERT INTO device_employee (id_device_employee, device_id, employee_id) VALUES (43, 43, 43);
INSERT INTO device_employee (id_device_employee, device_id, employee_id) VALUES (44, 44, 44);
INSERT INTO device_employee (id_device_employee, device_id, employee_id) VALUES (45, 45, 45);
INSERT INTO device_employee (id_device_employee, device_id, employee_id) VALUES (46, 46, 46);
INSERT INTO device_employee (id_device_employee, device_id, employee_id) VALUES (47, 47, 47);
INSERT INTO device_employee (id_device_employee, device_id, employee_id) VALUES (48, 48, 48);
INSERT INTO device_employee (id_device_employee, device_id, employee_id) VALUES (49, 49, 49);
INSERT INTO device_employee (id_device_employee, device_id, employee_id) VALUES (50, 50, 50);
    